,CarNum
0,7N41A07922
1,41A07922
2,74107922
3,4107922
4,741A07922
5,417922
6,741A7922
7,41A7922
8,TN41A0 7922
9,7922
10,JIN 41A0 7922
11,17922
12,7N41A0 7922
13,7N41A0 732
14,41A0 7322
15,07922
16,207922
17,N41A0 7922
18,ZN41A0 7922
19,7N41A0 7322
20,7N41A0 722
21,TN41A07922
22,N41A07922
23,F47928
24,TN41AQ7922
25,TN41AO7922
26,070
27,728
28,A07922
29,J 41A07922
30,W 41A07922
31,TN41A07522
32,TN41A07988
33,07
34,TN41A0798B
35,TN41A07928
36,0
37,TN4107928
38,72
39,TN41 7922
40,TN4107922
41,TN41A079B2
42,TW41A07922
43,1
44,TN41A07982
45,
46,TN41A079282
47,TW41A0 7
48,1 AO7922
49,T
50,7 7988
51,TN41A0 4
52,TN41A0 A
53,T41A07922
54,T A 7922
55,14107922
56,TN 7922
57,T4107922
58,T417922
59,T41A7922
60,Y41A07922
61,0082
62,Y417922
63,Y4107922
64,07928
65,T41A97922
66,TN41A97922
67,TN41A7922
68,107922
69,4A7922
70,A0722
71,TN41AD7922
72,7
73,IN41A07922
74,1N A7922
75,A7922
76,1N41A07922
77,T41A07928
78,IN41A7922
79,T47922
80,T4A7922
81,1A07922
82,JN41A07922
83,1A0722
84,788
85,0728
86,41A07522
87,107528
88,00028
89,41407928
